data,vendedor,produto,quantidade,valor
2026-06-03,Carla,Celular,1,2000.0
2026-06-03,Carla,Celular,1,2000.0
2026-06-04,Bruno,Notebook,2,7000.0
2026-06-04,Carla,Celular,1,2000.0
2026-06-04,Carla,Notebook,1,3500.0
2026-06-06,Carla,Notebook,1,3500.0
2026-06-06,Ana,Notebook,1,3500.0
2026-06-08,Ana,Fone,1,150.0
2026-06-08,Ana,Fone,2,300.0
2026-06-08,Carla,Fone,2,300.0
2026-06-09,Ana,Fone,1,150.0
2026-06-10,Carla,Fone,1,150.0
2026-06-10,Ana,Fone,1,150.0
2026-06-11,Carla,Notebook,1,3500.0
2026-06-11,Bruno,Notebook,1,3500.0
2026-06-14,Bruno,Fone,1,150.0
2026-06-15,Bruno,Celular,1,2000.0
2026-06-15,Bruno,Celular,4,8000.0
2026-06-16,Carla,Notebook,2,7000.0
2026-06-16,Ana,Celular,2,4000.0
2026-06-16,Carla,Fone,1,150.0
2026-06-17,Bruno,Fone,1,150.0
2026-06-17,Carla,Notebook,1,3500.0
2026-06-19,Bruno,Fone,3,450.0
2026-06-19,Bruno,Celular,3,6000.0
2026-06-20,Bruno,Fone,1,150.0
2026-06-20,Carla,Fone,3,450.0
2026-06-20,Bruno,Fone,2,300.0
2026-06-21,Ana,Notebook,4,14000.0
2026-06-21,Carla,Fone,1,150.0
2026-06-22,Bruno,Celular,1,2000.0
2026-06-23,Carla,Notebook,1,3500.0
2026-06-24,Carla,Notebook,2,7000.0
2026-06-24,Ana,Celular,1,2000.0
2026-06-24,Ana,Fone,1,150.0
2026-06-25,Carla,Celular,1,2000.0
2026-06-26,Carla,Fone,1,150.0
2026-06-26,Carla,Celular,1,2000.0
2026-06-27,Bruno,Celular,1,2000.0
2026-06-27,Carla,Fone,1,150.0
2026-06-28,Ana,Fone,1,150.0
2026-06-29,Ana,Notebook,2,7000.0
2026-06-29,Carla,Fone,1,150.0
2026-06-29,Bruno,Fone,4,600.0
2026-06-30,Carla,Notebook,1,3500.0
2026-06-30,Bruno,Notebook,1,3500.0
2026-07-01,Ana,Celular,2,4000.0
2026-07-01,Carla,Fone,1,150.0
2026-07-02,Carla,Notebook,2,7000.0
2026-07-04,Bruno,Notebook,2,7000.0
2026-07-05,Ana,Celular,2,4000.0
2026-07-06,Bruno,Celular,1,2000.0
2026-07-06,Ana,Notebook,2,7000.0
2026-07-08,Ana,Celular,1,2000.0
2026-07-08,Ana,Fone,4,600.0
2026-07-09,Carla,Notebook,2,7000.0
2026-07-11,Carla,Notebook,2,7000.0
2026-07-11,Ana,Notebook,2,7000.0
2026-07-12,Ana,Notebook,1,3500.0
2026-07-13,Ana,Fone,1,150.0
2026-07-13,Carla,Notebook,3,10500.0
2026-07-14,Bruno,Fone,1,150.0
2026-07-14,Carla,Fone,1,150.0
2026-07-15,Ana,Fone,1,150.0
2026-07-15,Carla,Fone,1,150.0
2026-07-16,Carla,Celular,2,4000.0
2026-07-21,Bruno,Celular,1,2000.0
2026-07-21,Ana,Celular,1,2000.0
2026-07-22,Bruno,Celular,1,2000.0
2026-07-22,Carla,Notebook,1,3500.0
2026-07-24,Ana,Notebook,4,14000.0
2026-07-24,Carla,Fone,1,150.0
2026-07-24,Carla,Notebook,1,3500.0
2026-07-24,Ana,Fone,1,150.0
2026-07-24,Bruno,Notebook,1,3500.0
2026-07-25,Bruno,Fone,3,450.0
2026-07-25,Ana,Notebook,1,3500.0
2026-07-26,Ana,Celular,1,2000.0
2026-07-26,Ana,Notebook,3,10500.0
2026-07-28,Bruno,Fone,4,600.0
2026-07-29,Bruno,Fone,2,300.0
2026-07-29,Carla,Notebook,1,3500.0
2026-07-30,Bruno,Fone,3,450.0
2026-08-01,Ana,Celular,1,2000.0
2026-08-01,Ana,Fone,1,150.0
2026-08-01,Carla,Notebook,1,3500.0
2026-08-02,Ana,Notebook,4,14000.0
2026-08-03,Bruno,Fone,1,150.0
2026-08-03,Bruno,Celular,2,4000.0
2026-08-03,Bruno,Notebook,1,3500.0
2026-08-04,Carla,Fone,1,150.0
2026-08-04,Bruno,Notebook,2,7000.0
2026-08-06,Bruno,Celular,3,6000.0
2026-08-06,Ana,Fone,2,300.0
2026-08-07,Bruno,Fone,1,150.0
2026-08-09,Bruno,Notebook,2,7000.0
2026-08-10,Carla,Celular,1,2000.0
2026-08-10,Bruno,Celular,3,6000.0
2026-08-10,Bruno,Celular,2,4000.0
2026-08-11,Bruno,Fone,2,300.0
2026-08-11,Bruno,Notebook,1,3500.0
2026-08-11,Ana,Notebook,3,10500.0
2026-08-13,Carla,Celular,2,4000.0
2026-08-13,Bruno,Fone,3,450.0
2026-08-13,Ana,Celular,2,4000.0
2026-08-14,Ana,Celular,1,2000.0
2026-08-16,Carla,Notebook,1,3500.0
2026-08-17,Bruno,Notebook,1,3500.0
2026-08-17,Ana,Notebook,1,3500.0
2026-08-18,Ana,Notebook,1,3500.0
2026-08-18,Bruno,Celular,1,2000.0
2026-08-18,Carla,Notebook,1,3500.0
2026-08-19,Ana,Fone,2,300.0
2026-08-21,Ana,Celular,1,2000.0
2026-08-21,Ana,Notebook,3,10500.0
2026-08-22,Bruno,Notebook,2,7000.0
2026-08-23,Ana,Notebook,1,3500.0
2026-08-24,Carla,Celular,1,2000.0
2026-08-27,Ana,Celular,4,8000.0
2026-08-31,Bruno,Celular,3,6000.0
2026-10-01,Ana,Notebook,3,1000.0
2026-10-01,Ana,Notebook,3,4000.0
2026-10-02,Ana,Notebook,5,10.0
2026-10-02,Ana,Notebook,5,10.0
2026-10-02,Ana,Notebook,5,10.0
2026-10-02,Ana,Notebook,5,10.0
2026-10-02,Carla,celular,3,10000.0
